2021-11-25, 
2021-11-25, 行書
2021-11-25, 草書
2021-11-25, 隷書
2021-11-26, 
2021-11-25, 臨書
2021-11-25, 行書
2021-11-04, 臨書
2021-11-25, 隷書
2021-11-25, 臨書
2021-11-25, 行書
2021-11-25, 
2021-11-25, 行書
2021-11-25, 行書
2021-11-25, 行書
2021-11-25, 行書
2021-11-25, 隷書
2021-11-25, 行書
2021-11-25, 
2021-11-25, 楷書
2021-11-25, 楷書
2021-11-25, 楷書
, 
, 
, 
2021-11-26, 
2021-11-26, 行書
2021-11-26, 草書
2021-11-26, 行書
, 
, 
, 
, 
, 
, 
, 
, 
, 
2021-11-26, 楷書
2021-11-26, 隷書
, 
, 
, 
, 
, 
, 
, 
, 
, 
, 
, 
, 
, 
, 
, 
, 
, 
, 
, 
, 
, 
, 
2021-11-26, 行書
2021-11-26, 楷書
, 
, 
, 
, 
, 
2021-11-26, 草書
2021-11-26, 篆書
2021-11-26, 
